equipment_id,department,manufacturer,purchase_date,maintenance_due,health_score,failure_probability,status
EQPCEBEF0F8,Procurement,Bosch Rexroth,2020-01-06,2026-08-30,75.1,0.96,Failed
EQPC65DFBE2,Procurement,Schneider Electric,2019-06-22,2026-08-09,94.5,0.06,Operational
EQP340846F9,Marketing,KUKA,2020-09-05,2026-10-26,78.9,0.64,Degraded
EQP4211FD2C,Procurement,Yaskawa,2015-12-19,2026-10-07,55.5,0.05,Operational
EQP4C969AF7,Manufacturing,GE Industrial,2015-02-06,2026-08-22,67.1,0.16,Operational
EQPDCBC6042,Logistics,ABB,2016-01-09,2026-09-26,48.6,0.01,Operational
EQP4FDBBFFF,Procurement,GE Industrial,2023-10-28,2026-09-25,71.4,0.1,Operational
EQPA445783F,HR,Siemens,2016-06-15,2026-09-21,64.9,0.43,Maintenance
EQP894D9BF2,Manufacturing,Rockwell Automation,2023-11-05,2026-10-05,84.4,0.19,Retired
EQPB451551E,Sales,Mitsubishi,2021-07-28,2026-10-08,100.0,0.05,Retired
EQP79C5E061,Sales,Rockwell Automation,2019-08-23,2026-09-08,79.5,0.68,Degraded
EQP6CFCBD29,Manufacturing,Yaskawa,2020-09-19,2026-11-03,75.2,0.06,Operational
EQP00A9BC50,HR,Schneider Electric,2019-05-22,2026-10-19,43.2,0.02,Operational
EQPA5624995,Procurement,Mitsubishi,2024-05-12,2026-08-20,93.1,0.64,Degraded
EQPB1DFA98E,Operations,ABB,2018-08-09,2026-09-21,71.1,0.74,Degraded
EQP3416FDF3,Operations,KUKA,2022-02-23,2026-08-16,90.9,0.84,Failed
EQP8AC5C1DA,Procurement,Mitsubishi,2016-09-22,2026-10-31,79.7,0.14,Operational
EQPAB4D02D6,Operations,ABB,2016-04-14,2026-08-18,88.7,0.5,Degraded
EQP31EE11F7,Operations,Fanuc,2020-08-29,2026-08-21,73.1,0.69,Degraded
EQP58E69EA0,Sales,Schneider Electric,2015-01-19,2026-08-27,74.4,0.56,Maintenance
EQP7ED0C9EB,HR,Rockwell Automation,2023-09-12,2026-09-10,83.8,0.93,Failed
EQPC82CFB4C,Finance,Siemens,2016-01-25,2026-08-21,70.7,0.16,Retired
EQP2E39F78F,Marketing,Fanuc,2017-08-07,2026-10-18,72.0,0.53,Maintenance
EQPD0E46DBB,Marketing,KUKA,2024-06-18,2026-10-09,74.6,0.73,Degraded
EQP65FB3417,Operations,ABB,2024-06-09,2026-08-31,71.5,0.05,Operational
EQPAD186B37,Marketing,Rockwell Automation,2020-11-08,2026-08-26,64.2,0.55,Degraded
EQP6B977320,Quality,KUKA,2017-11-28,2026-09-13,68.7,0.63,Degraded
EQP3B43BF78,Procurement,Yaskawa,2017-07-03,2026-10-24,78.6,0.54,Maintenance
EQPB94C8D81,Procurement,GE Industrial,2017-07-25,2026-08-23,80.4,0.81,Failed
EQP41602654,Sales,ABB,2016-08-17,2026-09-20,65.0,0.91,Failed
EQPBCFA7E87,Manufacturing,GE Industrial,2023-08-13,2026-09-24,82.2,0.14,Operational
EQP91DD0A40,Marketing,Rockwell Automation,2015-01-26,2026-11-02,77.2,0.08,Operational
EQPE3F6540F,Procurement,Bosch Rexroth,2024-09-21,2026-10-30,47.1,0.57,Degraded
EQP07A1A56C,Logistics,Mitsubishi,2019-12-11,2026-09-23,83.8,0.82,Failed
EQP0977002F,Logistics,Mitsubishi,2022-12-05,2026-08-18,64.3,0.05,Operational
EQP259AEE69,IT,Yaskawa,2020-12-15,2026-10-20,75.2,0.5,Maintenance
EQPA0AFB288,Procurement,Siemens,2024-08-24,2026-08-29,65.8,0.19,Retired
EQP2EA8FACB,IT,KUKA,2018-02-06,2026-10-11,72.0,0.12,Operational
EQP2AEAED31,Quality,Schneider Electric,2020-10-03,2026-09-06,84.6,0.18,Retired
EQPFE16240F,Manufacturing,Mitsubishi,2021-07-11,2026-10-09,76.3,0.54,Degraded
EQP27A162A7,IT,GE Industrial,2024-11-16,2026-09-13,59.6,0.15,Retired
EQPA71857A3,Procurement,Bosch Rexroth,2020-05-10,2026-09-26,69.3,0.85,Failed
EQPA3D53011,IT,Siemens,2020-05-19,2026-09-22,72.2,0.13,Operational
EQPAD3639CA,Logistics,Bosch Rexroth,2017-04-11,2026-10-09,57.8,0.02,Retired
EQP8B277E84,Sales,Fanuc,2017-06-16,2026-10-24,85.5,0.15,Retired
EQP11762AE4,IT,Bosch Rexroth,2018-04-18,2026-08-22,83.5,0.09,Operational
EQP77E4DB0E,Finance,Mitsubishi,2019-01-07,2026-09-26,77.7,0.18,Operational
EQP7C074326,HR,ABB,2019-12-03,2026-09-28,72.3,0.03,Operational
EQP95ADA1F5,Procurement,Mitsubishi,2017-01-02,2026-11-06,72.8,0.69,Degraded
EQP4DCBDA7E,Marketing,Yaskawa,2017-04-27,2026-09-08,88.6,0.2,Retired
EQP3A799F06,Finance,Siemens,2019-02-20,2026-10-31,66.3,0.16,Retired
EQP5C4AAA33,Finance,Bosch Rexroth,2023-03-13,2026-10-30,89.3,0.52,Maintenance
EQP2F3F44EB,IT,Schneider Electric,2022-01-17,2026-09-22,90.0,0.62,Degraded
EQP1BB5322E,Procurement,Rockwell Automation,2022-12-29,2026-08-25,86.1,0.16,Operational
EQP4A3B45D1,HR,Siemens,2023-07-14,2026-08-25,75.7,0.73,Degraded
EQP51455B08,IT,Fanuc,2020-07-26,2026-09-24,78.8,0.65,Degraded
EQP90F65B27,Manufacturing,GE Industrial,2018-08-16,2026-10-28,61.1,0.1,Retired
EQPD5A32886,Logistics,Fanuc,2022-12-09,2026-09-04,59.3,0.6,Degraded
EQP6C15622F,Logistics,Rockwell Automation,2019-02-21,2026-10-25,81.1,0.93,Failed
EQP08545115,Operations,Siemens,2022-08-11,2026-08-23,71.9,0.48,Maintenance
EQPA197CF8B,Finance,KUKA,2019-11-28,2026-11-05,63.1,0.03,Operational
EQPC6BDC8E8,Operations,KUKA,2024-08-09,2026-09-05,78.1,0.6,Degraded
EQPE76DB54B,HR,GE Industrial,2023-01-27,2026-09-03,85.9,0.75,Degraded
EQPC4C370D1,Procurement,Rockwell Automation,2023-09-02,2026-08-28,88.4,0.51,Degraded
EQP0064E125,Quality,ABB,2017-06-10,2026-08-16,72.9,0.58,Maintenance
EQPFD99436E,Manufacturing,Siemens,2022-05-14,2026-08-17,87.9,0.1,Operational
EQP287ACF62,Marketing,Siemens,2017-01-27,2026-08-21,100.0,0.08,Operational
EQPE24EA651,Quality,Bosch Rexroth,2020-11-21,2026-10-18,73.6,0.2,Retired
EQP297D1530,Logistics,Bosch Rexroth,2016-10-20,2026-10-23,65.2,0.18,Operational
EQPB6E02F15,Manufacturing,Bosch Rexroth,2021-03-07,2026-10-07,90.8,0.19,Retired
EQP685F1D2B,Procurement,ABB,2020-06-22,2026-08-20,86.4,0.41,Maintenance
EQP79E7C9AD,Procurement,Mitsubishi,2020-02-15,2026-10-18,65.6,0.59,Degraded
EQP2EAF51A6,Finance,Rockwell Automation,2021-10-13,2026-09-10,74.9,0.58,Maintenance
EQP261F0170,Procurement,Bosch Rexroth,2020-04-16,2026-10-31,69.1,0.34,Maintenance
EQP374D047A,Manufacturing,Rockwell Automation,2016-10-11,2026-10-14,73.3,0.06,Retired
EQPB851F87F,Sales,Bosch Rexroth,2015-11-28,2026-10-01,44.6,0.13,Retired
EQP976DD4B0,Manufacturing,ABB,2019-10-18,2026-10-05,91.3,0.71,Degraded
EQP13129AA5,Manufacturing,GE Industrial,2015-03-01,2026-10-02,82.1,0.06,Operational
EQPEED278B4,HR,Bosch Rexroth,2015-09-04,2026-09-28,39.5,0.53,Degraded
EQPC9BC4EF1,IT,Fanuc,2019-11-19,2026-10-17,49.6,0.63,Degraded
EQPC016BE4A,Quality,Mitsubishi,2024-03-27,2026-08-11,61.3,0.19,Retired
EQP31941240,Manufacturing,Siemens,2016-03-21,2026-09-05,50.6,0.37,Maintenance
EQPBDEEB872,Operations,ABB,2023-05-21,2026-10-11,89.8,0.16,Operational
EQP4212669E,Finance,Rockwell Automation,2016-06-22,2026-08-09,100.0,0.1,Retired
EQP5ADD78A5,Finance,Yaskawa,2020-01-28,2026-10-13,65.3,0.02,Retired
EQP58ACA125,Finance,Rockwell Automation,2024-12-05,2026-10-12,72.7,0.6,Maintenance
EQP6361ADD1,Operations,GE Industrial,2021-06-22,2026-09-07,78.8,0.89,Failed
EQP10D5FB5B,Manufacturing,Mitsubishi,2015-05-15,2026-09-05,55.9,0.79,Degraded
EQPC0A79A65,Marketing,Rockwell Automation,2022-10-26,2026-10-27,78.9,0.07,Operational
EQPD929429F,Quality,Siemens,2021-03-24,2026-11-06,55.9,0.96,Failed
EQP35D45904,Procurement,Rockwell Automation,2016-05-01,2026-10-04,61.3,0.14,Operational
EQP3E0014FD,Quality,Bosch Rexroth,2023-01-05,2026-08-27,58.1,0.09,Operational
EQP327B2384,Sales,Mitsubishi,2023-05-10,2026-09-18,55.7,0.14,Retired
EQP8D800456,Logistics,Bosch Rexroth,2021-11-23,2026-09-27,88.9,0.61,Degraded
EQPC96054F0,IT,Yaskawa,2022-09-26,2026-10-29,66.1,0.12,Operational
EQPAEC340E9,Operations,Siemens,2017-05-22,2026-10-30,56.6,0.14,Operational
EQPF407E585,Logistics,Bosch Rexroth,2018-03-01,2026-11-01,78.0,0.99,Failed
EQP7B5D02ED,Operations,ABB,2015-03-09,2026-08-09,94.4,0.89,Failed
EQPFBE24754,Manufacturing,Bosch Rexroth,2023-09-25,2026-11-06,97.3,0.92,Failed
EQPAF3AD4B7,Manufacturing,Fanuc,2021-03-23,2026-09-21,60.5,0.55,Maintenance
EQP81BA5DDA,Marketing,Yaskawa,2017-02-08,2026-09-06,69.9,0.88,Failed
EQP1B6D698A,Marketing,Fanuc,2023-08-06,2026-09-14,70.0,0.7,Degraded
EQP172C504E,HR,Siemens,2022-09-15,2026-09-26,84.1,0.54,Degraded
EQPDAD6D349,HR,Fanuc,2024-08-27,2026-08-19,95.6,0.05,Retired
EQP4B30A0CE,Logistics,Fanuc,2024-08-14,2026-08-28,84.6,0.92,Failed
EQP59B9FA46,Marketing,Siemens,2024-09-08,2026-09-15,75.4,0.4,Maintenance
EQP9B73815D,IT,Schneider Electric,2016-08-09,2026-09-11,73.8,0.57,Maintenance
EQPA72974E2,HR,KUKA,2017-08-29,2026-09-26,74.8,0.15,Retired
EQPB26E02F3,Procurement,Schneider Electric,2022-09-14,2026-09-17,67.1,0.38,Maintenance
EQP765D840F,Procurement,KUKA,2019-02-18,2026-08-22,66.2,0.56,Maintenance
EQP10E5931A,Finance,Mitsubishi,2022-02-10,2026-09-27,97.1,0.09,Operational
EQPC7BCB1C6,Finance,Siemens,2023-08-03,2026-11-05,90.4,0.88,Failed
EQPD617F235,Finance,Schneider Electric,2017-05-15,2026-09-28,74.5,0.05,Operational
EQP608B48DA,Logistics,Bosch Rexroth,2017-11-18,2026-10-13,74.2,0.54,Degraded
EQP76FDF6CC,Procurement,Schneider Electric,2021-04-03,2026-08-16,38.9,0.73,Degraded
EQPDCC51AE2,Marketing,KUKA,2016-03-14,2026-10-03,65.3,1.0,Failed
EQP760E40E2,Operations,Fanuc,2024-08-16,2026-09-10,57.5,0.19,Retired
EQP76F42138,HR,Fanuc,2018-09-27,2026-10-08,74.9,0.19,Retired
EQP337C1228,Marketing,Fanuc,2024-01-17,2026-08-15,80.7,0.68,Degraded
EQPF24881CD,Operations,Yaskawa,2019-03-21,2026-08-09,92.9,0.13,Retired
EQP771D6A53,IT,Mitsubishi,2017-01-06,2026-11-04,94.4,0.88,Failed
EQPDF0C8B6E,IT,Yaskawa,2018-04-15,2026-09-29,60.8,0.1,Retired
EQPFFFA98A6,Manufacturing,Schneider Electric,2017-06-28,2026-09-24,66.2,0.36,Maintenance
EQP5FAF06D8,Marketing,Fanuc,2018-01-22,2026-10-10,98.1,0.73,Degraded
EQP50D8C217,Manufacturing,Yaskawa,2022-10-22,2026-10-14,70.1,0.57,Degraded
EQP73C86AFB,Manufacturing,KUKA,2020-04-21,2026-09-01,100.0,0.19,Retired
EQP5FB6E291,Marketing,GE Industrial,2020-07-21,2026-10-08,59.8,0.58,Degraded
EQPB58BBC13,Procurement,ABB,2019-01-02,2026-10-05,88.0,0.84,Failed
EQPC8896134,IT,Siemens,2015-02-06,2026-10-23,73.0,0.39,Maintenance
EQP520EE69E,Quality,Fanuc,2018-05-20,2026-08-22,89.3,0.86,Failed
EQP7564AA67,Sales,Siemens,2024-11-18,2026-09-05,74.3,0.02,Retired
EQP94E4F5C9,Marketing,Fanuc,2017-05-21,2026-10-21,59.6,0.14,Retired
EQP16D41FDA,Sales,Siemens,2020-11-14,2026-10-08,80.1,0.52,Maintenance
EQP6D4FE312,Finance,Siemens,2018-05-29,2026-08-20,62.5,0.86,Failed
EQPA3AE44F9,Marketing,Yaskawa,2022-02-11,2026-08-21,63.3,0.58,Degraded
EQP1FB8F548,Manufacturing,KUKA,2017-09-30,2026-08-21,60.6,0.12,Retired
EQP3DE39F82,Procurement,Rockwell Automation,2017-10-13,2026-08-15,74.0,0.18,Operational
EQP637CE219,Manufacturing,Fanuc,2022-10-07,2026-09-20,68.2,0.98,Failed
EQP3187DFD3,Quality,Siemens,2018-06-04,2026-10-05,87.1,0.95,Failed
EQPA95A5939,Sales,Siemens,2018-11-02,2026-08-13,86.0,0.18,Operational
EQP484A9DF6,Manufacturing,KUKA,2016-09-09,2026-09-03,88.4,0.84,Failed
EQP7D67F527,Logistics,Rockwell Automation,2020-05-04,2026-11-02,72.7,0.6,Degraded
EQP40F3769C,HR,Bosch Rexroth,2020-04-22,2026-08-23,97.2,0.43,Maintenance
EQP0448FCFD,HR,Bosch Rexroth,2020-08-30,2026-10-27,80.1,0.19,Operational
EQP94129720,Procurement,Schneider Electric,2016-04-27,2026-09-26,82.6,0.69,Degraded
EQP8C4D9F31,Manufacturing,Mitsubishi,2020-01-16,2026-11-01,95.4,0.95,Failed
EQP7BE5E3FD,Operations,GE Industrial,2020-08-27,2026-10-31,80.8,0.04,Operational
EQPFD50C890,Procurement,Rockwell Automation,2018-08-16,2026-09-18,71.4,0.78,Degraded
EQPC7FA1F90,Sales,ABB,2018-09-17,2026-08-12,83.8,0.5,Maintenance
EQP3F2993AA,IT,Yaskawa,2020-12-31,2026-08-30,100.0,0.14,Operational
EQP412C332C,Logistics,Bosch Rexroth,2024-09-09,2026-10-05,75.0,0.51,Degraded
EQP6DD3EC3F,HR,Fanuc,2024-12-26,2026-09-01,88.0,0.77,Degraded
EQP0E3B9831,Operations,Mitsubishi,2022-10-03,2026-10-25,90.1,0.08,Retired
EQPB5357EE8,Quality,Schneider Electric,2016-12-23,2026-09-12,61.7,0.72,Degraded
EQP7CF3E627,Operations,KUKA,2022-10-06,2026-08-23,48.2,0.14,Retired
EQP4AE8906F,IT,GE Industrial,2017-04-23,2026-10-16,87.1,0.9,Failed
EQPD61F0A03,Operations,KUKA,2016-07-08,2026-09-01,69.1,0.34,Maintenance
EQP6A023F20,Marketing,Mitsubishi,2024-01-04,2026-08-12,85.3,0.03,Retired
EQP66889452,Marketing,Rockwell Automation,2023-10-30,2026-10-14,70.2,0.53,Degraded
EQP98E749A0,Operations,Rockwell Automation,2016-09-11,2026-10-29,76.9,0.04,Operational
EQP821AD8A4,Procurement,ABB,2022-03-08,2026-09-04,86.2,0.07,Operational
EQPC85060BC,Procurement,KUKA,2015-06-05,2026-09-24,81.0,0.03,Retired
EQPBC0AEBD2,HR,Yaskawa,2020-02-03,2026-10-25,79.0,0.91,Failed
EQP21450ADB,Marketing,Yaskawa,2023-11-05,2026-08-15,75.0,0.61,Degraded
EQP350EB38C,Sales,Siemens,2023-12-29,2026-09-19,80.9,0.92,Failed
EQPCF3C29C1,Procurement,Schneider Electric,2021-11-06,2026-08-09,93.4,0.15,Retired
EQP02F4DFDD,Manufacturing,ABB,2019-06-05,2026-08-26,74.5,0.39,Maintenance
EQPFED2A954,Operations,Yaskawa,2016-11-09,2026-08-19,35.7,0.58,Degraded
EQP6203CA02,Finance,Schneider Electric,2020-11-19,2026-09-14,74.3,0.04,Operational
EQPA9DE1569,IT,ABB,2019-03-24,2026-08-13,77.5,0.02,Retired
EQP19FFD624,Operations,Mitsubishi,2020-11-30,2026-08-30,98.6,0.53,Degraded
EQP2E796125,Logistics,ABB,2018-03-28,2026-10-25,68.9,0.1,Retired
EQPDC1F4895,Manufacturing,Siemens,2021-07-24,2026-08-20,73.5,0.04,Retired
EQP37CCAD49,Marketing,Yaskawa,2020-09-09,2026-10-09,69.3,0.2,Retired
EQP74AD6C6F,HR,Bosch Rexroth,2023-06-22,2026-11-06,62.8,0.0,Retired
EQP6A0BE539,Sales,Yaskawa,2018-12-07,2026-08-29,66.3,0.92,Failed
EQP6759A3A7,HR,Mitsubishi,2016-08-23,2026-08-16,88.4,0.68,Degraded
EQP47B31ABA,Marketing,Rockwell Automation,2019-12-20,2026-10-06,43.7,0.35,Maintenance
EQPD50A5456,Procurement,Mitsubishi,2018-01-02,2026-08-19,82.8,0.56,Degraded
EQP87FD907C,Finance,Schneider Electric,2018-07-06,2026-10-31,63.1,0.44,Maintenance
EQPFA549B76,Procurement,Schneider Electric,2023-07-21,2026-10-16,60.3,0.11,Operational
EQPF97F6356,Logistics,Rockwell Automation,2016-05-31,2026-09-08,70.2,0.99,Failed
EQP9E26B031,Procurement,Bosch Rexroth,2020-05-26,2026-10-05,54.6,0.64,Degraded
EQP205D58B4,IT,Schneider Electric,2020-05-20,2026-09-01,72.7,0.42,Maintenance
EQP71768790,Marketing,Bosch Rexroth,2022-01-08,2026-10-06,75.4,0.06,Retired
EQPBFA75486,HR,GE Industrial,2015-01-18,2026-10-20,73.0,0.69,Degraded
EQP410773E8,Finance,ABB,2019-04-30,2026-10-29,68.1,0.16,Operational
EQP8F02E3B9,HR,Mitsubishi,2017-07-13,2026-10-04,36.2,0.92,Failed
EQP15DDE1EF,Operations,Schneider Electric,2021-08-29,2026-08-11,87.7,0.19,Retired
EQP2265B073,Marketing,GE Industrial,2018-02-16,2026-08-21,100.0,0.11,Operational
EQP65D3B305,Sales,Schneider Electric,2020-10-19,2026-09-01,88.1,0.46,Maintenance
EQP09762911,Finance,Yaskawa,2021-01-17,2026-09-17,68.0,0.61,Degraded
EQP65FDFD55,Logistics,ABB,2020-06-25,2026-08-20,57.9,0.48,Maintenance
EQP497271D0,HR,Yaskawa,2020-01-06,2026-10-02,76.0,0.85,Failed
EQPD42BF746,Logistics,Mitsubishi,2017-12-18,2026-11-05,58.6,0.92,Failed
EQPFB6A7CFF,Quality,GE Industrial,2016-09-12,2026-10-18,80.7,0.78,Degraded
EQP8BEF4F25,Sales,Mitsubishi,2023-06-10,2026-10-23,77.5,0.13,Retired
EQPDBECADE5,Sales,Rockwell Automation,2019-02-06,2026-09-12,94.5,0.01,Retired
EQP7C198EFB,Sales,Schneider Electric,2024-09-17,2026-10-26,49.4,0.58,Maintenance
EQPB60AEF2B,HR,Siemens,2018-08-10,2026-09-26,54.6,0.06,Operational
EQP61BE9B48,Manufacturing,KUKA,2024-01-04,2026-09-18,76.2,0.11,Operational
EQP3624B641,IT,Yaskawa,2017-06-11,2026-10-21,86.0,0.5,Maintenance
EQP0405B959,Logistics,Schneider Electric,2023-02-01,2026-10-18,72.3,0.13,Operational
EQP0DAD816A,IT,Mitsubishi,2015-02-04,2026-10-27,65.2,0.04,Operational
EQP57DFD17F,Marketing,Bosch Rexroth,2015-05-06,2026-10-28,99.8,0.84,Failed
EQPB29CB314,Quality,ABB,2021-08-14,2026-10-01,66.9,0.07,Retired
EQP59F5D2B6,Finance,Schneider Electric,2016-06-16,2026-11-04,99.8,0.31,Maintenance
EQPEBF908BE,Finance,Bosch Rexroth,2015-04-20,2026-09-08,73.2,0.38,Maintenance
EQPF6BB180F,Marketing,KUKA,2017-06-06,2026-10-24,89.1,0.12,Operational
EQP95141D4D,Manufacturing,GE Industrial,2020-07-28,2026-09-02,74.4,0.59,Degraded
EQP239DED27,Finance,Fanuc,2017-01-16,2026-10-28,79.1,0.95,Failed
EQPE072E442,Logistics,Bosch Rexroth,2024-07-09,2026-08-18,69.2,0.7,Degraded
EQP30D0F6FA,Quality,Rockwell Automation,2020-10-01,2026-10-08,67.2,0.69,Degraded
EQPAF180A5D,Quality,Schneider Electric,2023-12-28,2026-10-13,78.4,0.96,Failed
EQP39044AA1,Marketing,Siemens,2019-04-11,2026-10-10,84.9,0.91,Failed
EQP8B1EF73F,Quality,Bosch Rexroth,2015-09-05,2026-09-11,86.8,0.37,Maintenance
EQP4BD43EB1,IT,KUKA,2021-05-14,2026-11-02,59.0,0.06,Operational
EQPE3B45C7C,Marketing,Fanuc,2022-06-28,2026-08-15,80.3,0.32,Maintenance
EQPBBFB2722,Manufacturing,Yaskawa,2020-02-28,2026-10-16,74.7,0.73,Degraded
EQPC199F628,Logistics,Rockwell Automation,2015-11-21,2026-09-05,87.3,0.83,Failed
EQP576199D8,Operations,Bosch Rexroth,2018-06-01,2026-10-01,100.0,0.79,Degraded
EQPA030FBC8,Procurement,Schneider Electric,2024-05-07,2026-09-27,66.9,0.8,Failed
EQP51783B74,Manufacturing,ABB,2019-01-24,2026-08-22,73.5,0.59,Degraded
EQP3F6EFC44,Quality,Fanuc,2015-09-08,2026-09-04,92.7,0.98,Failed
EQP9437E211,Logistics,Schneider Electric,2022-10-16,2026-09-27,61.1,0.11,Retired
EQP1136200E,Sales,Rockwell Automation,2017-03-01,2026-08-30,69.4,0.18,Retired
EQPE461050B,Manufacturing,Mitsubishi,2015-12-01,2026-09-06,69.5,0.57,Degraded
EQP8E1455A1,Manufacturing,Bosch Rexroth,2024-07-18,2026-10-14,75.2,0.75,Degraded
EQP51088606,IT,Fanuc,2021-09-20,2026-09-01,99.2,0.08,Operational
EQPB6A8744B,Sales,Mitsubishi,2015-06-23,2026-10-08,67.1,0.68,Degraded
EQPA7E99EC6,Logistics,GE Industrial,2023-01-10,2026-09-20,54.0,0.02,Operational
EQPCD48394A,Marketing,Mitsubishi,2018-05-14,2026-08-12,48.0,0.95,Failed
EQP2FD3DA9D,Manufacturing,Schneider Electric,2024-09-03,2026-10-28,99.6,0.88,Failed
EQP53EE20FC,HR,GE Industrial,2023-11-12,2026-09-12,66.8,0.51,Degraded
EQP2DA55AC0,Procurement,Bosch Rexroth,2021-03-21,2026-10-13,93.4,0.63,Degraded
EQP0BA28607,Operations,Siemens,2017-07-26,2026-08-17,63.3,0.56,Maintenance
EQPEFAF2280,IT,KUKA,2018-09-19,2026-08-22,77.3,0.15,Retired
EQPE851B687,Quality,GE Industrial,2018-06-20,2026-08-25,86.6,0.8,Degraded
EQPCD75C7E1,Finance,Mitsubishi,2018-05-16,2026-08-27,78.4,0.01,Operational
EQPA424BEC5,Manufacturing,KUKA,2018-11-14,2026-10-23,59.1,0.66,Degraded
EQP143DB23C,Logistics,Siemens,2019-10-24,2026-08-19,74.1,0.67,Degraded
EQPCED02D51,Procurement,Yaskawa,2019-01-31,2026-09-09,95.7,0.51,Maintenance
EQP89E90ABE,Sales,Rockwell Automation,2018-06-13,2026-08-16,96.0,0.4,Maintenance
EQPEAD6C355,HR,Rockwell Automation,2016-06-02,2026-09-19,68.8,0.55,Degraded
EQP27CE7209,Marketing,Fanuc,2017-02-01,2026-09-28,73.9,0.95,Failed
EQPC636616A,IT,Yaskawa,2020-09-27,2026-11-02,68.9,0.68,Degraded
EQPB803FB68,HR,Rockwell Automation,2015-07-24,2026-09-25,59.8,0.81,Failed
EQP76BED531,Sales,Mitsubishi,2022-10-28,2026-08-12,79.5,0.9,Failed
EQP6EDD226C,IT,Bosch Rexroth,2017-06-09,2026-10-15,86.7,0.16,Operational
EQP19F60131,Operations,KUKA,2018-01-31,2026-08-24,81.2,0.85,Failed
EQP7523085A,IT,Siemens,2016-12-14,2026-10-12,91.1,0.67,Degraded
EQP041A8200,Procurement,Siemens,2023-04-26,2026-10-07,62.6,0.5,Degraded
EQP1B97A5A5,Sales,Rockwell Automation,2022-10-15,2026-10-05,77.0,0.17,Operational
EQPFC4F2A60,Finance,Schneider Electric,2017-05-24,2026-08-23,81.1,0.77,Degraded
EQP735850FE,Marketing,Siemens,2021-01-14,2026-10-25,92.5,0.99,Failed
EQP1621A2D8,Quality,Mitsubishi,2023-02-28,2026-08-15,94.6,0.04,Operational
EQP536D3867,Sales,Siemens,2022-02-15,2026-10-16,64.9,0.18,Operational
EQP311EB031,Sales,Yaskawa,2023-09-17,2026-08-19,90.6,0.57,Maintenance
EQP56AFA38C,Sales,KUKA,2022-12-03,2026-08-21,81.0,0.48,Maintenance
EQPDC7B14AA,IT,Fanuc,2018-08-18,2026-10-15,88.5,0.93,Failed
EQPCEB867EC,Finance,Rockwell Automation,2024-04-15,2026-10-13,80.5,0.9,Failed
EQPBE7BF60C,Finance,ABB,2016-03-25,2026-10-17,65.6,0.08,Operational
EQPB1231971,Operations,Schneider Electric,2016-04-04,2026-09-19,63.2,0.72,Degraded
EQP9BC45A50,Sales,ABB,2024-10-01,2026-09-19,62.4,0.14,Retired
EQPBFE451AB,Finance,ABB,2024-11-06,2026-08-18,86.2,0.42,Maintenance
EQP8A16674F,Quality,ABB,2021-06-07,2026-08-16,70.6,0.88,Failed
EQPD310D837,Manufacturing,Bosch Rexroth,2024-01-13,2026-09-13,99.9,0.05,Operational
EQPFE2ADFE8,Operations,GE Industrial,2015-08-22,2026-09-25,62.8,0.38,Maintenance
EQPE70FAE28,Finance,Bosch Rexroth,2019-07-06,2026-09-30,93.6,0.0,Operational
EQP87A36EBF,Manufacturing,KUKA,2021-06-20,2026-09-09,49.4,0.15,Retired
EQP93E7FD9F,HR,GE Industrial,2019-11-17,2026-09-21,90.1,0.01,Operational
EQP0F44A5C7,Sales,Mitsubishi,2019-03-13,2026-11-06,67.6,0.04,Retired
EQP51C2766B,Sales,Mitsubishi,2023-08-13,2026-08-20,79.0,0.32,Maintenance
EQPA94E701F,Manufacturing,KUKA,2015-02-20,2026-09-19,65.7,0.65,Degraded
EQP5E2C2184,Finance,Yaskawa,2016-06-26,2026-08-19,75.9,0.41,Maintenance
EQPE3641CD7,HR,Mitsubishi,2019-09-18,2026-09-19,93.2,0.84,Failed
EQPAC3D8072,Procurement,KUKA,2019-02-13,2026-08-17,86.3,0.58,Degraded
EQP4FE1DFCF,Marketing,Rockwell Automation,2022-11-21,2026-11-04,85.8,0.09,Retired
EQP3BFA477E,Sales,Schneider Electric,2016-01-01,2026-10-29,74.7,0.51,Maintenance
EQP7D7C3F23,Sales,Mitsubishi,2019-12-08,2026-10-14,100.0,0.03,Retired
EQPC410AB5E,Quality,Schneider Electric,2023-03-10,2026-10-30,71.7,0.14,Retired
EQP4B9CDA6C,Manufacturing,Fanuc,2023-01-05,2026-08-18,86.9,0.06,Retired
EQP61BA7A48,Sales,Yaskawa,2020-02-02,2026-10-27,62.7,0.83,Failed
EQP124D9D75,Operations,Bosch Rexroth,2024-06-08,2026-09-20,77.5,0.09,Retired
EQPC023D120,Sales,Mitsubishi,2020-06-16,2026-09-14,49.5,0.39,Maintenance
EQPC857C182,Finance,Yaskawa,2017-12-29,2026-09-13,82.1,0.55,Degraded
EQP595FAE6A,Finance,Yaskawa,2018-11-19,2026-09-03,67.0,0.0,Retired
EQP0B5A0B15,Operations,Fanuc,2015-06-23,2026-09-29,90.3,0.03,Retired
EQP27047C2F,IT,Bosch Rexroth,2018-11-13,2026-10-12,67.7,0.32,Maintenance
EQP8771C13D,HR,Bosch Rexroth,2024-03-10,2026-09-19,99.2,0.38,Maintenance
EQP9BFFD908,Logistics,Schneider Electric,2024-11-05,2026-10-20,58.0,0.84,Failed
EQP6F5E1888,IT,Fanuc,2019-04-30,2026-10-29,61.6,0.18,Operational
EQP79309391,Finance,Schneider Electric,2021-08-31,2026-10-05,57.8,0.62,Degraded
EQPF384504A,HR,Bosch Rexroth,2024-02-07,2026-10-22,85.8,0.07,Operational
EQPFA4EC050,Sales,Siemens,2018-04-21,2026-09-21,67.3,0.44,Maintenance
EQP22062D9C,HR,GE Industrial,2019-04-05,2026-09-09,78.3,0.06,Retired
EQP4D484D9C,Operations,Rockwell Automation,2023-12-02,2026-09-22,62.6,0.67,Degraded
EQPDC77FC50,IT,Yaskawa,2017-09-10,2026-09-16,100.0,0.99,Failed
EQP3C16E576,Marketing,Siemens,2021-06-17,2026-10-13,74.0,0.53,Maintenance
EQPEE4BBA0F,Marketing,ABB,2021-08-02,2026-08-11,67.7,0.66,Degraded
EQP19E4E78F,Operations,Mitsubishi,2020-05-17,2026-09-03,100.0,0.42,Maintenance
EQP2DDE3CE8,Manufacturing,Yaskawa,2019-01-23,2026-08-09,88.4,0.71,Degraded
EQP577B12C0,Logistics,KUKA,2016-12-25,2026-10-19,64.9,0.88,Failed
EQPCF3B9561,Logistics,Bosch Rexroth,2023-03-31,2026-08-11,89.5,0.84,Failed
EQPBC0A7317,Operations,Bosch Rexroth,2020-02-03,2026-10-01,83.9,0.46,Maintenance
EQPDBBDFAF8,Logistics,Mitsubishi,2018-10-07,2026-09-27,50.7,1.0,Failed
EQPEDB776CF,Sales,Schneider Electric,2017-10-04,2026-08-19,91.6,0.48,Maintenance
EQPE35B3E21,Finance,GE Industrial,2023-10-07,2026-09-06,85.9,0.31,Maintenance
EQPABE850BF,Logistics,ABB,2015-12-30,2026-09-08,86.9,0.48,Maintenance
EQP6415960C,Marketing,Siemens,2021-02-27,2026-10-15,82.5,0.12,Retired
EQPF9663D76,Procurement,ABB,2024-03-09,2026-09-12,69.4,0.02,Operational
EQPC77DA54C,Logistics,Schneider Electric,2019-10-24,2026-10-05,80.9,0.01,Retired
EQP87CBD3DF,Marketing,Fanuc,2018-11-23,2026-08-09,54.9,0.15,Operational
EQPD2636D99,Finance,GE Industrial,2017-06-07,2026-11-04,79.2,0.92,Failed
EQPA910A8D4,Marketing,Rockwell Automation,2017-10-12,2026-08-17,100.0,0.17,Operational
EQP2483242C,IT,Bosch Rexroth,2017-10-02,2026-09-29,83.3,0.01,Operational
EQP1B59E6DE,IT,Rockwell Automation,2015-11-02,2026-09-26,90.6,0.7,Degraded
EQP84BA09AC,HR,Mitsubishi,2017-07-19,2026-10-28,71.2,0.52,Maintenance
EQP29AE781D,HR,Rockwell Automation,2023-08-06,2026-10-09,100.0,0.63,Degraded
EQP599D5A11,Finance,Yaskawa,2023-02-16,2026-10-31,57.5,0.81,Failed
EQPFC40348A,Sales,Schneider Electric,2016-07-16,2026-09-02,71.7,0.35,Maintenance
EQPAE71B7B7,Procurement,GE Industrial,2015-03-27,2026-10-22,91.7,0.12,Retired
EQP69F8A8B9,Marketing,Fanuc,2020-10-22,2026-08-09,61.0,0.33,Maintenance
EQP2930C590,IT,Mitsubishi,2017-01-17,2026-09-17,71.5,0.14,Retired
EQPBBF4B67B,IT,Schneider Electric,2021-03-29,2026-08-18,100.0,0.01,Retired
EQPFE9606A9,Operations,Mitsubishi,2018-07-07,2026-10-31,71.4,0.95,Failed
EQP42CDBD6A,IT,KUKA,2015-12-03,2026-08-13,56.0,0.54,Degraded
EQP397DFC3C,Logistics,Fanuc,2017-06-11,2026-09-12,77.7,0.1,Operational
EQPAB83EDBC,Operations,Yaskawa,2024-10-14,2026-10-18,94.6,0.91,Failed
EQP56213EE6,Marketing,Fanuc,2019-11-27,2026-10-16,97.5,0.37,Maintenance
EQP55E65537,IT,Schneider Electric,2023-02-20,2026-10-11,52.3,0.97,Failed
EQPE41DF39E,Quality,Bosch Rexroth,2016-02-27,2026-11-05,83.1,0.62,Degraded
EQPF3C34A55,Quality,Siemens,2019-07-07,2026-10-02,73.8,0.02,Operational
EQP078632BF,IT,Rockwell Automation,2019-04-28,2026-09-02,95.4,0.15,Operational
EQP40B5FCFB,HR,ABB,2015-04-28,2026-09-14,91.6,0.17,Operational
EQPF7A4142A,Marketing,Fanuc,2022-04-23,2026-10-04,31.8,0.66,Degraded
EQP3382E202,HR,Mitsubishi,2024-03-13,2026-10-23,90.4,0.06,Operational
EQP41B9E9A8,HR,Schneider Electric,2015-01-02,2026-09-05,61.1,0.4,Maintenance
EQPFA0D565C,Logistics,Schneider Electric,2015-09-21,2026-08-18,79.2,0.75,Degraded
EQP040C13AF,Logistics,KUKA,2015-01-27,2026-09-07,49.6,0.48,Maintenance
EQP861063A3,Finance,Bosch Rexroth,2016-10-02,2026-09-15,72.4,0.5,Degraded
EQP365F9F78,Quality,ABB,2016-04-29,2026-10-16,88.3,0.72,Degraded
EQPAD81C9F7,Finance,ABB,2018-07-07,2026-10-03,99.5,0.17,Retired
EQP36FCC654,IT,Siemens,2017-06-10,2026-08-23,77.0,0.12,Retired
EQP55DE0A1B,IT,ABB,2021-01-12,2026-08-24,58.9,0.34,Maintenance
EQP065C5E82,HR,Bosch Rexroth,2024-08-13,2026-09-08,78.4,0.63,Degraded
EQP72489EA7,IT,Siemens,2019-09-14,2026-10-22,69.9,0.65,Degraded
EQP85C4B162,Operations,Bosch Rexroth,2018-06-03,2026-10-11,47.1,0.19,Operational
EQPC6D7CC98,Quality,Siemens,2016-05-17,2026-10-30,100.0,0.94,Failed
EQP0209675F,Finance,Rockwell Automation,2016-02-28,2026-08-08,67.5,0.18,Retired
EQP5AFBA8A6,Logistics,GE Industrial,2023-10-12,2026-08-12,82.4,0.53,Degraded
EQP3A8B5491,Operations,Bosch Rexroth,2020-06-27,2026-10-15,66.7,0.87,Failed
EQPCCB4C840,HR,Fanuc,2017-02-21,2026-10-23,89.5,0.63,Degraded
EQP4C5C90C9,Operations,GE Industrial,2022-01-04,2026-10-28,87.6,0.81,Failed
EQP2B79E9A9,Marketing,Fanuc,2016-08-01,2026-08-12,64.2,0.47,Maintenance
EQPBCC0AEC3,Manufacturing,GE Industrial,2016-12-16,2026-09-16,64.7,0.41,Maintenance
EQPBC189188,Quality,Schneider Electric,2020-12-12,2026-09-15,85.7,0.72,Degraded
EQP05F4C5BA,Sales,ABB,2019-01-01,2026-09-26,91.0,0.93,Failed
EQPC969AAB7,Sales,Schneider Electric,2018-05-16,2026-09-29,81.2,0.8,Failed
EQP7D7AEA25,Finance,ABB,2018-05-15,2026-09-04,74.9,0.75,Degraded
EQP18430FF0,Logistics,GE Industrial,2022-12-10,2026-09-23,54.9,0.83,Failed
EQP788485A2,Logistics,KUKA,2022-04-05,2026-08-08,71.8,0.55,Degraded
EQP278A282A,Manufacturing,Fanuc,2018-02-08,2026-09-23,96.7,0.68,Degraded
EQPE7D3390A,HR,Rockwell Automation,2022-03-25,2026-08-25,100.0,0.84,Failed
EQPA2DC898F,IT,Schneider Electric,2024-09-20,2026-08-18,62.7,0.14,Operational
EQP6BC9F4F3,Manufacturing,GE Industrial,2024-03-01,2026-09-11,63.1,0.16,Operational
EQP1CBE26D1,IT,Bosch Rexroth,2020-04-01,2026-09-01,83.9,0.11,Retired
EQPF7EA50FD,Logistics,GE Industrial,2015-06-09,2026-08-16,82.5,0.07,Retired
EQP96D3C1F3,Operations,Fanuc,2021-06-06,2026-10-08,64.1,0.7,Degraded
EQP2E3FBA0E,IT,Fanuc,2022-10-12,2026-09-21,68.5,0.18,Retired
EQP4DF5407C,Finance,Siemens,2023-11-18,2026-09-26,79.6,0.69,Degraded
EQP9D788048,Procurement,Mitsubishi,2022-03-16,2026-10-07,93.7,0.1,Retired
EQP650A6C49,Logistics,Siemens,2016-05-17,2026-09-12,68.3,0.61,Degraded
EQP5B3D6B75,Quality,Yaskawa,2015-12-26,2026-10-06,85.9,0.03,Operational
EQP4CBB5DD8,HR,Siemens,2017-10-19,2026-10-15,80.6,0.09,Retired
EQP7D4006FC,Quality,Siemens,2017-06-11,2026-10-04,54.6,0.84,Failed
EQP6AAB9DB0,IT,Fanuc,2017-09-28,2026-11-02,46.7,0.38,Maintenance
EQPE8B437F8,Logistics,Siemens,2022-05-04,2026-10-06,85.0,0.55,Degraded
EQP5B56076D,Manufacturing,Rockwell Automation,2019-08-17,2026-10-02,75.0,0.19,Operational
EQPB6CE0885,Marketing,KUKA,2021-11-18,2026-10-13,56.4,0.02,Retired
EQPCF0D0C53,Quality,Bosch Rexroth,2015-04-11,2026-10-16,62.3,0.61,Degraded
EQPB568D789,Logistics,KUKA,2015-02-09,2026-08-12,71.4,0.88,Failed
EQPB9803494,IT,Bosch Rexroth,2024-06-20,2026-09-04,72.8,0.94,Failed
EQP7879CE2B,Finance,GE Industrial,2022-07-12,2026-11-01,84.9,0.16,Retired
EQP139F010E,Finance,KUKA,2015-07-07,2026-10-19,59.1,0.13,Retired
EQPAB217FCF,Procurement,ABB,2024-04-30,2026-10-27,69.2,0.4,Maintenance
EQP98600EC6,Finance,Bosch Rexroth,2018-11-21,2026-08-19,66.0,0.12,Operational
EQP2CE93161,Procurement,Bosch Rexroth,2017-01-13,2026-09-15,87.1,0.58,Maintenance
EQP22219FF7,Manufacturing,Mitsubishi,2020-10-20,2026-09-24,50.1,0.08,Retired
EQPC5BCCB70,HR,GE Industrial,2017-06-06,2026-08-15,69.9,0.44,Maintenance
EQP1C3CEAD7,Quality,ABB,2015-10-31,2026-10-15,82.9,0.53,Maintenance
EQP9F9F98B2,Quality,Fanuc,2024-12-06,2026-09-15,83.0,0.56,Maintenance
EQP71D8D3A7,Operations,Yaskawa,2018-04-04,2026-10-13,98.3,0.08,Operational
EQPC416BCE3,Marketing,Yaskawa,2015-01-26,2026-08-26,35.8,0.93,Failed
EQP62D83573,Finance,GE Industrial,2024-11-24,2026-09-19,62.7,0.58,Degraded
EQP5E57EB2D,Finance,Rockwell Automation,2022-05-27,2026-08-17,87.9,0.02,Operational
EQP17E9CBB2,Quality,Mitsubishi,2020-10-07,2026-10-29,60.1,0.77,Degraded
EQP4B43E40E,Marketing,Bosch Rexroth,2021-04-30,2026-08-17,75.0,0.2,Retired
EQPB2EABFE9,Sales,KUKA,2024-03-07,2026-09-17,57.0,0.19,Retired
EQP74CA387C,Marketing,Schneider Electric,2018-03-25,2026-10-04,82.7,0.15,Retired
EQP903CED58,Manufacturing,Siemens,2023-04-30,2026-09-11,85.9,0.34,Maintenance
EQP64062501,Logistics,KUKA,2017-11-02,2026-09-01,71.7,0.39,Maintenance
EQP30B77EBD,Procurement,Mitsubishi,2016-11-26,2026-11-02,65.8,0.0,Retired
EQPFF0F9B49,Finance,ABB,2018-12-25,2026-11-06,82.1,0.07,Operational
EQP44A2E8BD,HR,KUKA,2023-12-07,2026-11-06,84.6,0.93,Failed
EQP28F99A0A,Finance,Fanuc,2017-01-11,2026-09-22,100.0,0.04,Operational
EQPFC1190A2,Sales,Bosch Rexroth,2016-12-19,2026-10-14,82.5,0.41,Maintenance
EQP1C2B7D63,Finance,Schneider Electric,2017-01-21,2026-09-14,98.1,0.09,Retired
EQPC313271F,Procurement,KUKA,2024-01-03,2026-10-30,100.0,0.1,Operational
EQPF6EE1414,HR,Mitsubishi,2017-06-19,2026-10-19,98.6,0.81,Failed
EQP9AE2091B,Logistics,Schneider Electric,2021-01-19,2026-08-09,70.8,0.83,Failed
EQPD06E9AA9,Marketing,KUKA,2024-04-18,2026-09-17,84.1,0.03,Retired
EQP7206589E,Sales,Bosch Rexroth,2023-12-11,2026-08-20,75.7,0.06,Operational
EQP7675F709,Marketing,Schneider Electric,2018-07-05,2026-10-14,88.5,0.91,Failed
EQPACFA34C4,Sales,Siemens,2018-08-24,2026-08-27,93.3,0.82,Failed
EQP3384BAE6,Procurement,Rockwell Automation,2022-02-23,2026-10-07,60.3,0.09,Retired
EQPF2BCE77D,Quality,Bosch Rexroth,2022-07-07,2026-10-12,63.2,0.06,Operational
EQPAB650EB6,Sales,GE Industrial,2019-12-09,2026-08-31,69.8,0.92,Failed
EQP3FCB7C98,HR,Yaskawa,2024-12-06,2026-10-28,79.2,0.43,Maintenance
EQP290D3E2E,Logistics,Rockwell Automation,2020-05-15,2026-10-04,73.3,0.19,Retired
EQPE9D09793,Procurement,KUKA,2016-04-12,2026-08-15,80.9,0.83,Failed
EQPD22BC1BA,Quality,Yaskawa,2016-11-03,2026-08-24,60.3,0.13,Retired
EQP5A38A9AE,Quality,Yaskawa,2021-07-05,2026-08-10,72.8,0.18,Operational
EQPFBF5A86E,IT,Yaskawa,2016-03-22,2026-10-20,65.3,0.06,Retired
EQP8609AB4F,Manufacturing,GE Industrial,2018-11-04,2026-09-28,91.7,0.87,Failed
EQPFA713E7E,Quality,Siemens,2016-05-23,2026-08-10,81.6,0.14,Retired
EQP46F1AE10,Quality,Mitsubishi,2019-01-03,2026-09-30,78.9,0.92,Failed
EQPD30F0241,Manufacturing,GE Industrial,2018-06-14,2026-10-31,77.6,0.96,Failed
EQPB4074D1A,IT,KUKA,2017-10-09,2026-10-22,70.7,0.79,Degraded
EQP69DFC00C,Manufacturing,KUKA,2021-11-05,2026-09-12,52.5,0.07,Operational
EQPB48D779C,Sales,KUKA,2018-06-23,2026-09-04,63.3,0.88,Failed
EQP0139FE79,Manufacturing,GE Industrial,2020-04-07,2026-08-19,100.0,0.54,Degraded
EQP5B45D706,Manufacturing,Bosch Rexroth,2022-06-01,2026-09-30,68.7,0.91,Failed
EQP4FBF6BB7,Logistics,Bosch Rexroth,2024-08-11,2026-09-02,61.7,0.0,Operational
EQPFC7D114D,Logistics,Mitsubishi,2024-05-27,2026-08-25,81.0,1.0,Failed
EQP3D8BD6C3,IT,Rockwell Automation,2020-02-29,2026-10-23,100.0,0.82,Failed
EQP6591259D,Quality,Fanuc,2023-03-24,2026-10-28,84.8,0.18,Operational
EQP52A110D5,Finance,Rockwell Automation,2017-04-09,2026-08-08,93.9,0.56,Degraded
EQP0688CCB6,HR,Fanuc,2023-09-19,2026-10-17,64.9,0.77,Degraded
EQP46190B72,Logistics,Bosch Rexroth,2020-03-03,2026-10-19,58.0,0.62,Degraded
EQPC2C30EEC,IT,Fanuc,2023-12-30,2026-09-30,73.4,0.56,Degraded
EQPDFBE94DD,Logistics,Fanuc,2021-12-13,2026-08-29,76.2,0.71,Degraded
EQPA15E1BFF,Manufacturing,ABB,2018-01-25,2026-10-21,74.3,0.5,Maintenance
EQP612CD077,Finance,Yaskawa,2018-04-24,2026-09-10,83.0,0.02,Retired
EQP35F448C5,HR,ABB,2023-06-06,2026-08-12,77.9,0.58,Degraded
EQP7C26B28B,Operations,Bosch Rexroth,2020-06-22,2026-09-12,98.8,0.94,Failed
EQP420B8161,IT,Yaskawa,2024-01-26,2026-10-27,66.7,0.69,Degraded
EQP049F14F2,Quality,Fanuc,2017-01-30,2026-11-03,79.7,0.1,Retired
EQP372FAC50,Marketing,Yaskawa,2023-02-09,2026-10-20,77.9,0.83,Failed
EQPD02C6FB2,Finance,Schneider Electric,2020-11-01,2026-09-08,82.1,0.59,Maintenance
EQP8183FAA6,Quality,KUKA,2019-10-06,2026-10-05,86.0,0.09,Retired
EQP115B83AD,Operations,Yaskawa,2019-11-27,2026-08-21,55.9,0.73,Degraded
EQPE9F1B050,Marketing,Schneider Electric,2016-02-29,2026-10-15,85.2,0.46,Maintenance
EQPBE5ACFA9,Manufacturing,Yaskawa,2018-08-31,2026-09-22,86.1,0.03,Operational
EQP3C96215D,Quality,ABB,2024-08-20,2026-10-22,79.2,0.89,Failed
EQP98B609CA,Manufacturing,Yaskawa,2021-10-30,2026-10-03,34.4,0.58,Degraded
EQP89F9B1FF,HR,Siemens,2020-07-13,2026-10-03,73.1,0.47,Maintenance
EQP84FF5A4C,Finance,KUKA,2023-01-29,2026-08-24,72.0,0.15,Operational
EQP079F93BF,Marketing,Yaskawa,2023-06-24,2026-08-26,57.4,0.6,Degraded
EQP30B17945,Quality,KUKA,2024-01-01,2026-09-09,100.0,0.93,Failed
EQP5AB14C09,Operations,Rockwell Automation,2022-11-19,2026-09-02,58.9,0.61,Degraded
EQPAA463D5D,Operations,Bosch Rexroth,2022-07-15,2026-08-28,82.9,0.16,Operational
EQPFC92DDAB,Finance,Rockwell Automation,2024-09-30,2026-09-27,62.6,0.17,Retired
EQP4A4CB827,Procurement,ABB,2024-01-06,2026-11-05,86.1,0.5,Degraded
EQP5F29EF90,IT,Fanuc,2019-07-19,2026-08-23,60.8,0.0,Operational
EQP5CB854FB,Operations,Siemens,2021-04-20,2026-10-15,85.6,0.02,Operational
EQPB5EC6B53,HR,Siemens,2018-03-07,2026-10-10,95.4,0.67,Degraded
EQP5FD7F1A4,Quality,Fanuc,2016-10-21,2026-10-04,66.7,0.54,Degraded
EQPD62495AE,Logistics,KUKA,2020-11-25,2026-08-12,89.1,0.12,Retired
EQP0E28D9AC,HR,ABB,2022-11-21,2026-10-13,88.3,0.95,Failed
EQP836053A2,Marketing,Siemens,2016-06-07,2026-08-11,60.1,0.43,Maintenance
EQP9EDCB471,Finance,KUKA,2021-10-09,2026-08-12,90.8,0.67,Degraded
EQPA7EB3251,Operations,Bosch Rexroth,2015-06-09,2026-10-13,58.2,0.04,Retired
EQPBC3C8710,IT,Rockwell Automation,2019-09-23,2026-09-20,54.9,0.45,Maintenance
EQP2BDFC151,Operations,Rockwell Automation,2017-12-03,2026-10-07,69.3,0.09,Operational
EQPE2602BED,Sales,Mitsubishi,2020-06-23,2026-09-18,92.8,0.56,Degraded
EQPD927AC39,Operations,Schneider Electric,2018-05-26,2026-11-04,30.6,0.47,Maintenance
EQP7DF829C2,HR,Yaskawa,2022-07-19,2026-09-29,86.2,0.5,Degraded
EQPA529D6EA,Operations,ABB,2020-07-03,2026-08-24,52.7,0.15,Retired
EQPA3476CC5,Quality,Rockwell Automation,2023-02-25,2026-10-26,83.2,0.47,Maintenance
EQPDA92CA36,Logistics,Siemens,2016-01-02,2026-09-26,74.5,0.85,Failed
EQPA203CEEC,Logistics,Fanuc,2017-04-08,2026-10-13,62.3,0.56,Degraded
EQPC213906B,Quality,KUKA,2022-11-04,2026-10-22,67.1,0.98,Failed
EQP29200D86,HR,KUKA,2023-02-03,2026-08-22,79.1,0.6,Maintenance
EQP2525C9CB,Finance,Bosch Rexroth,2020-05-12,2026-10-10,70.6,0.04,Retired
EQPA8A06F25,Operations,Yaskawa,2019-10-13,2026-10-02,59.2,0.06,Operational
EQPC457A637,Manufacturing,KUKA,2023-05-13,2026-09-30,63.4,0.84,Failed
EQP192ABCFB,IT,KUKA,2019-05-28,2026-09-21,53.9,0.11,Operational
EQP71658F47,Sales,Rockwell Automation,2016-03-25,2026-10-11,64.3,0.02,Operational
EQPCB117168,Procurement,Bosch Rexroth,2015-06-01,2026-09-07,76.5,0.92,Failed
EQP54D8D34D,Marketing,Rockwell Automation,2017-04-12,2026-10-07,67.4,0.17,Retired
EQP04598C79,Logistics,Siemens,2020-01-18,2026-08-30,79.2,0.49,Maintenance
EQP83D8FD0C,Sales,Rockwell Automation,2022-08-15,2026-09-12,100.0,0.67,Degraded
EQPECE58DA4,HR,ABB,2019-04-23,2026-08-26,54.1,0.72,Degraded
EQP258D2108,Logistics,Fanuc,2017-03-08,2026-09-16,88.4,0.6,Degraded
EQPE00AD6F3,Sales,Mitsubishi,2015-12-14,2026-09-16,79.3,0.15,Operational
EQP978C3CA4,Quality,GE Industrial,2023-11-08,2026-10-02,92.8,0.58,Maintenance
EQP834902F8,Manufacturing,Bosch Rexroth,2016-10-25,2026-10-18,36.0,0.02,Retired
EQP8BF62EC9,Finance,Bosch Rexroth,2021-07-17,2026-09-08,62.2,0.03,Operational
EQP346D54E8,Finance,Yaskawa,2020-03-11,2026-10-01,100.0,0.51,Maintenance
EQP68086CE4,Sales,Siemens,2015-06-16,2026-10-31,59.9,0.03,Retired
EQP25693AA4,Operations,Rockwell Automation,2018-12-03,2026-09-10,71.1,0.15,Retired
EQP99CBAC05,Finance,Siemens,2016-09-12,2026-09-18,71.7,0.74,Degraded
EQP20149612,IT,GE Industrial,2015-07-28,2026-10-27,68.0,0.57,Degraded
EQPDF876748,Marketing,Rockwell Automation,2021-02-19,2026-11-03,61.3,0.1,Operational
EQPCE46B4BE,Quality,ABB,2020-11-16,2026-10-21,75.6,0.74,Degraded
EQPA4DDFBFD,IT,Schneider Electric,2022-03-05,2026-11-04,63.4,0.11,Operational
EQP30A69ACB,Sales,ABB,2019-08-21,2026-08-28,90.2,0.0,Retired
EQPE400522C,IT,GE Industrial,2022-06-15,2026-08-16,79.5,0.54,Degraded
EQPED6F3080,Procurement,Fanuc,2018-01-03,2026-09-12,10.0,0.56,Maintenance
EQPEC2E73F0,HR,Rockwell Automation,2023-06-02,2026-10-31,73.0,0.62,Degraded
EQP762C8DB4,Finance,Siemens,2021-12-30,2026-10-31,45.9,0.1,Retired
EQP65A381FE,Marketing,Mitsubishi,2020-10-22,2026-09-16,92.7,0.16,Operational
EQPE06D679F,IT,Schneider Electric,2024-09-16,2026-10-28,77.5,0.06,Operational
EQP65D53809,IT,Rockwell Automation,2022-06-08,2026-08-26,71.9,0.99,Failed
EQPEA670B1A,IT,Yaskawa,2020-03-21,2026-09-20,65.6,0.17,Retired
EQPC5562040,Manufacturing,ABB,2020-04-01,2026-10-12,84.6,0.62,Degraded
EQP9AED8F11,Finance,Fanuc,2023-03-24,2026-09-13,69.0,0.16,Operational
EQP98D6A495,Logistics,ABB,2020-12-24,2026-08-29,71.5,0.98,Failed
EQPA06C4D32,Quality,Bosch Rexroth,2017-08-15,2026-09-22,80.4,0.06,Operational
EQP52B726A4,Finance,Mitsubishi,2015-05-26,2026-10-13,79.1,0.18,Operational
EQP55FCCF98,Finance,ABB,2023-04-22,2026-08-28,92.3,0.72,Degraded
EQPD3209CB6,Finance,Fanuc,2021-11-01,2026-09-14,50.9,0.04,Retired
EQP17CBFC1A,Procurement,GE Industrial,2023-09-14,2026-09-19,63.6,0.67,Degraded
EQP2DD00808,Sales,Bosch Rexroth,2015-04-08,2026-10-29,71.9,0.19,Operational
EQP1B9523F3,Manufacturing,Mitsubishi,2015-09-26,2026-09-29,79.9,0.31,Maintenance
EQPFA434283,Finance,ABB,2024-10-28,2026-09-22,52.2,0.18,Retired
EQPAD55B4B8,Marketing,Bosch Rexroth,2022-03-31,2026-10-14,97.3,0.02,Retired
EQP1F4B8FA6,Manufacturing,Bosch Rexroth,2016-09-21,2026-08-21,94.8,0.07,Operational
EQPEC25481C,HR,ABB,2024-06-06,2026-09-12,75.4,0.15,Operational
EQP03C0A68C,Manufacturing,ABB,2022-10-20,2026-10-25,80.2,0.92,Failed
EQP872EFFC6,Procurement,Siemens,2016-05-26,2026-11-06,61.4,0.52,Degraded
EQPCFE93948,Procurement,Bosch Rexroth,2020-08-12,2026-08-08,74.2,0.76,Degraded
EQPE2F5BF82,Finance,Bosch Rexroth,2022-11-10,2026-08-31,85.0,0.36,Maintenance
EQPE1FA953A,IT,Schneider Electric,2022-09-30,2026-09-01,80.0,0.19,Operational
EQP0B4CC134,Finance,Schneider Electric,2016-06-20,2026-10-17,84.1,0.52,Degraded
EQP99919047,IT,Siemens,2017-03-20,2026-08-10,63.6,0.18,Retired
EQPE692577A,Logistics,Fanuc,2024-04-24,2026-08-10,55.4,0.33,Maintenance
EQPAF846AFC,Finance,KUKA,2021-08-21,2026-08-19,75.7,0.46,Maintenance
EQPB378329F,Finance,Bosch Rexroth,2016-12-19,2026-09-11,73.5,0.42,Maintenance
EQPCA3CBA51,Finance,Fanuc,2022-03-19,2026-08-23,76.7,0.63,Degraded
EQPBC00A526,Procurement,Rockwell Automation,2022-09-29,2026-08-25,72.3,0.49,Maintenance
EQP43B4B506,Quality,Bosch Rexroth,2024-10-26,2026-10-17,72.2,0.16,Operational
EQPBA485C08,Manufacturing,Yaskawa,2021-05-17,2026-11-03,71.1,0.53,Degraded
EQPD0FFE134,Manufacturing,ABB,2015-10-11,2026-08-19,50.5,0.09,Operational
EQPE74FCA1C,IT,Mitsubishi,2018-11-03,2026-09-16,89.7,0.68,Degraded
EQP042D9970,Finance,Fanuc,2024-07-02,2026-08-09,78.2,0.5,Maintenance
EQP72A9A10A,Procurement,Siemens,2019-02-22,2026-08-22,83.5,0.87,Failed
EQP637F6432,Marketing,Schneider Electric,2020-02-27,2026-08-14,92.4,0.89,Failed
EQPB592602A,Manufacturing,Schneider Electric,2023-07-11,2026-09-10,82.9,0.0,Retired
EQPA6592FD7,Operations,Bosch Rexroth,2022-09-26,2026-10-04,52.5,0.57,Maintenance
EQP33B61A20,Procurement,Bosch Rexroth,2023-07-28,2026-09-11,60.7,0.8,Failed
EQPE379BDA9,Sales,Schneider Electric,2016-07-15,2026-10-21,66.9,0.01,Retired
EQP34557193,Sales,Yaskawa,2020-07-17,2026-10-03,78.6,0.04,Retired
EQPBBBADA9C,Operations,GE Industrial,2023-10-19,2026-10-09,93.7,0.07,Retired
EQP3EA624A0,Marketing,Siemens,2016-03-26,2026-09-05,94.8,0.07,Retired
EQP04F2AEAC,Logistics,GE Industrial,2015-08-21,2026-09-15,86.0,0.94,Failed
EQPEC0DEA7A,Quality,Schneider Electric,2015-01-31,2026-09-02,50.2,0.72,Degraded
EQPCF082103,Operations,Mitsubishi,2018-07-15,2026-08-16,54.9,0.55,Maintenance
EQPD87643D9,Operations,Mitsubishi,2015-04-17,2026-08-23,40.3,0.14,Retired
EQPE775C78F,Marketing,Bosch Rexroth,2020-02-15,2026-10-02,89.5,0.02,Retired
EQPF46CA18B,Manufacturing,Fanuc,2019-05-26,2026-09-29,85.6,0.62,Degraded
EQPD6A54AAB,Operations,ABB,2024-03-08,2026-10-25,77.4,0.46,Maintenance
EQPE43C8423,Finance,Bosch Rexroth,2015-12-12,2026-09-14,67.9,0.16,Retired
EQP614C6ED8,HR,Fanuc,2016-05-21,2026-10-25,84.8,0.44,Maintenance
EQP35360F8D,Sales,Mitsubishi,2019-02-25,2026-11-03,94.2,0.94,Failed
EQP45005C97,Quality,Rockwell Automation,2024-08-20,2026-10-21,99.1,0.35,Maintenance
EQPBA8404C3,Marketing,Fanuc,2016-06-12,2026-10-13,91.1,0.41,Maintenance
EQPFB5B81FB,Manufacturing,Bosch Rexroth,2021-11-12,2026-08-22,79.1,0.14,Operational
EQPA0E2429C,Operations,Bosch Rexroth,2018-11-06,2026-08-18,59.3,0.54,Maintenance
EQP76BA3F62,Manufacturing,Rockwell Automation,2020-06-03,2026-10-31,92.1,0.18,Operational
EQPBECFDFC8,Marketing,Mitsubishi,2016-11-06,2026-09-20,72.6,0.05,Retired
EQPD764E5A2,Logistics,GE Industrial,2015-06-15,2026-09-08,89.6,0.57,Degraded
EQP07896B2B,Operations,Yaskawa,2018-09-05,2026-09-19,57.2,0.87,Failed
EQP3227A529,Procurement,Siemens,2017-10-12,2026-09-28,68.9,0.14,Retired
EQPD06618D9,Finance,Bosch Rexroth,2021-02-21,2026-10-17,69.4,0.03,Operational
EQPA0C4AE8A,Finance,Siemens,2024-10-19,2026-11-06,78.2,0.32,Maintenance
EQP3BD94950,Quality,ABB,2021-07-19,2026-08-23,100.0,0.72,Degraded
EQPC9A6645C,Operations,Fanuc,2015-05-11,2026-09-03,77.7,0.02,Operational
EQP250B631F,Sales,Siemens,2019-04-13,2026-09-12,72.1,0.4,Maintenance
EQPFC37B0F3,Sales,KUKA,2018-08-15,2026-10-30,69.9,0.31,Maintenance
EQPF5427081,Quality,Fanuc,2016-03-26,2026-10-21,53.6,0.19,Operational
EQP3F188AC4,Logistics,KUKA,2019-06-08,2026-08-14,81.2,0.77,Degraded
EQP26A08C97,Sales,Rockwell Automation,2015-07-09,2026-10-21,87.7,0.13,Operational
EQP60E817B3,Quality,Rockwell Automation,2016-07-15,2026-08-30,78.7,0.63,Degraded
EQP47EE2B2A,Procurement,Yaskawa,2019-07-17,2026-11-01,94.7,0.09,Retired
EQPDE074234,Operations,Schneider Electric,2019-05-31,2026-11-03,75.5,0.77,Degraded
EQPC718D3AC,Sales,Schneider Electric,2020-07-14,2026-08-24,69.3,0.44,Maintenance
EQP1F8C5A1F,IT,Mitsubishi,2017-05-01,2026-08-16,77.5,0.17,Retired
EQP37336637,IT,KUKA,2017-10-25,2026-10-12,74.8,0.37,Maintenance
EQP256DBB8C,Finance,Mitsubishi,2022-09-02,2026-10-24,76.1,0.93,Failed
EQP7EBA8CE2,Sales,ABB,2019-12-17,2026-10-25,69.0,0.68,Degraded
EQP7DE91A3E,IT,KUKA,2015-07-24,2026-11-05,64.6,0.35,Maintenance
EQPA156B3FA,Sales,Yaskawa,2023-04-08,2026-09-11,82.5,0.08,Retired
EQP898ADA07,IT,Siemens,2016-04-20,2026-08-24,43.6,0.16,Operational
EQP934D556A,Marketing,ABB,2017-10-25,2026-10-12,87.8,0.86,Failed
EQPE8F87A65,HR,Schneider Electric,2020-10-08,2026-09-05,72.2,0.96,Failed
EQP24E740E6,Sales,ABB,2018-10-02,2026-09-09,75.5,0.02,Retired
EQP44C69AFB,Sales,Siemens,2015-01-01,2026-08-13,82.5,0.02,Retired
EQP0BC39EDB,Procurement,GE Industrial,2016-12-25,2026-10-22,80.5,0.1,Retired
EQPEC5750A8,Sales,GE Industrial,2021-09-19,2026-09-15,69.3,0.15,Retired
EQP6C2A8485,IT,Bosch Rexroth,2020-01-06,2026-09-26,81.7,0.58,Maintenance
EQP41422584,Procurement,Rockwell Automation,2024-06-25,2026-08-10,71.6,0.39,Maintenance
EQP56BDD6E7,HR,Fanuc,2023-01-24,2026-08-21,93.8,0.19,Operational
EQP4FF67CDD,Logistics,Yaskawa,2020-08-30,2026-10-19,66.7,0.47,Maintenance
EQP952E2702,Operations,KUKA,2016-04-12,2026-10-22,90.0,0.03,Operational
EQP2FD21B6C,Procurement,Fanuc,2023-08-28,2026-08-20,90.9,0.04,Operational
EQPD43911C6,HR,Yaskawa,2017-11-23,2026-09-29,73.6,0.78,Degraded
EQP7E4C4759,Sales,Bosch Rexroth,2022-03-25,2026-08-08,75.0,0.09,Retired
EQP25859F28,HR,ABB,2021-01-17,2026-08-11,80.1,0.51,Maintenance
EQP37431D80,Logistics,Yaskawa,2019-09-04,2026-08-25,100.0,0.1,Retired
EQP08A3E931,Procurement,GE Industrial,2015-05-03,2026-09-02,100.0,0.31,Maintenance
EQP174D21EA,HR,Fanuc,2017-05-30,2026-10-19,74.4,0.12,Retired
EQPE739D66B,Finance,Siemens,2018-01-24,2026-11-02,72.4,0.19,Retired
EQP1F745F41,Operations,Rockwell Automation,2023-11-10,2026-11-01,73.3,1.0,Failed
EQP879FE507,Manufacturing,Rockwell Automation,2024-10-30,2026-11-01,99.0,0.79,Degraded
EQP7E9A3221,HR,Rockwell Automation,2020-04-13,2026-09-03,90.4,0.12,Operational
EQP5B497177,Procurement,Schneider Electric,2023-05-22,2026-08-30,85.1,0.3,Maintenance
EQPA74D8653,Finance,Yaskawa,2016-09-07,2026-09-09,50.1,0.58,Degraded
EQPB8C7EEEB,Logistics,Fanuc,2015-06-24,2026-10-11,100.0,0.86,Failed
EQP68A7F1A7,Operations,ABB,2018-01-15,2026-09-08,75.5,0.09,Operational
EQP5FF11AF3,Sales,Siemens,2019-05-24,2026-08-23,94.3,0.57,Degraded
EQP9AD4713C,Finance,Siemens,2024-08-02,2026-09-27,97.4,0.05,Retired
EQP70547B78,HR,Mitsubishi,2020-05-03,2026-08-14,90.3,0.59,Degraded
EQPF5697667,Procurement,Mitsubishi,2023-02-19,2026-08-09,84.8,0.94,Failed
EQP9761C351,IT,ABB,2023-12-24,2026-08-30,100.0,0.87,Failed
EQPE6429D99,Quality,ABB,2024-05-22,2026-10-06,93.9,0.56,Degraded
EQPD7E77D8E,Procurement,GE Industrial,2018-06-04,2026-10-13,89.8,0.99,Failed
EQP64236108,Sales,Rockwell Automation,2020-04-29,2026-08-11,66.2,0.15,Operational
EQPEA6BC47A,Finance,Schneider Electric,2022-09-24,2026-09-17,64.6,0.65,Degraded
EQP168737FA,Marketing,Mitsubishi,2024-02-12,2026-09-07,63.2,0.42,Maintenance
EQPE5190B3B,Finance,Fanuc,2023-01-31,2026-09-05,59.0,0.08,Operational
EQP04A3F8A8,HR,Bosch Rexroth,2022-06-25,2026-09-15,100.0,0.13,Retired
EQPEB1725C2,Finance,GE Industrial,2019-08-14,2026-09-14,92.5,0.81,Failed
EQPD386796A,Finance,Fanuc,2017-05-08,2026-10-27,75.6,0.84,Failed
EQP2B43B477,Finance,Yaskawa,2021-05-22,2026-08-23,100.0,0.01,Retired
EQP6FE25FB1,Sales,Yaskawa,2022-12-24,2026-11-06,77.5,0.18,Operational
EQP30F40049,Procurement,KUKA,2020-07-14,2026-09-29,86.0,0.44,Maintenance
EQPE9DBAA50,IT,ABB,2016-06-26,2026-08-18,47.9,0.31,Maintenance
EQPE7E1EB31,Manufacturing,Rockwell Automation,2020-03-23,2026-10-13,70.5,0.83,Failed
EQPE64FC0F2,Finance,ABB,2016-03-20,2026-11-03,76.2,0.18,Retired
EQP61C67ABE,IT,ABB,2017-03-10,2026-10-09,66.0,0.94,Failed
EQP7AA0057B,Marketing,Schneider Electric,2022-07-06,2026-10-03,68.5,0.39,Maintenance
EQP90514879,Procurement,Fanuc,2015-05-31,2026-09-01,67.6,0.87,Failed
EQP065CC687,Sales,Bosch Rexroth,2019-11-23,2026-10-18,65.6,0.06,Operational
EQPC6AB32AB,Finance,GE Industrial,2018-12-11,2026-08-30,92.3,0.09,Operational
EQP2D90106A,Quality,KUKA,2023-02-04,2026-11-01,78.2,0.91,Failed
EQP1B739E3D,Operations,Rockwell Automation,2024-07-28,2026-09-28,82.1,0.35,Maintenance
EQPC82474A1,HR,GE Industrial,2016-05-06,2026-09-16,100.0,0.08,Operational
EQPCF1C0753,Finance,ABB,2015-05-15,2026-09-30,89.3,0.02,Retired
EQP60969F63,Manufacturing,Mitsubishi,2015-03-31,2026-10-02,78.3,0.1,Operational
EQP5A7D7C9E,Marketing,KUKA,2020-09-18,2026-09-18,86.0,0.05,Retired
EQP20EBF5A3,Logistics,Siemens,2017-10-02,2026-09-01,86.2,0.16,Retired
EQPEFF58A1A,Quality,ABB,2024-10-17,2026-09-13,69.3,0.4,Maintenance
EQP23F886C5,IT,Siemens,2018-06-07,2026-08-08,83.0,0.16,Operational
EQP5C64B381,HR,Yaskawa,2018-01-21,2026-08-20,82.5,0.63,Degraded
EQP3C847A28,Quality,Bosch Rexroth,2021-10-23,2026-08-24,74.2,0.02,Operational
EQP4CD5FFC4,Procurement,KUKA,2023-07-06,2026-08-22,98.6,0.34,Maintenance
EQP09976CE6,Finance,Fanuc,2019-11-20,2026-09-12,86.1,0.54,Degraded
EQPCEC8C49F,Quality,Rockwell Automation,2018-03-08,2026-09-05,76.8,0.32,Maintenance
EQP6D28FFF1,Quality,Bosch Rexroth,2017-03-05,2026-09-12,67.3,0.58,Maintenance
EQPD8F84B18,Logistics,Siemens,2016-06-16,2026-11-03,85.8,0.1,Operational
EQPCD379B18,Manufacturing,Fanuc,2015-06-11,2026-09-21,58.0,0.08,Retired
EQP1D0AADBA,Operations,Rockwell Automation,2016-06-26,2026-10-28,47.9,0.68,Degraded
EQPDBC1BD46,Logistics,Rockwell Automation,2023-06-09,2026-09-01,61.6,0.94,Failed
EQP25CF1D40,Finance,GE Industrial,2022-04-15,2026-09-16,63.7,0.16,Operational
